Commune,Code NIS,Taux RIS,Taux NEET,Taux croisé
Charleroi,52011,12.5,8.3,103.75000000000001
Liège,62063,11.0,8.3,91.30000000000001
Namur,92094,8.7,8.3,72.21
Mons,53053,10.4,8.3,86.32000000000001
La Louvière,55022,9.9,8.3,82.17000000000002
Verviers,63079,11.2,8.3,92.96000000000001
Tournai,57081,9.1,8.3,75.53
Seraing,62096,10.8,8.3,89.64000000000001
Arlon,81001,4.5,8.3,37.35
Ottignies-Louvain-la-Neuve,25105,5.2,8.3,43.160000000000004
